{
  "version": "1.1.0",
  "diagrams": [
    {
      "ordinal": 0,
      "scrollPosition": {
        "x": 0,
        "y": 219.64342209828274
      },
      "nodes": [
        {
          "location": {
            "x": 121.61048229170461,
            "y": 757.70923288690858
          },
          "nodeIndex": "Report Measures",
          "nodeLineageTag": "29e6330a-9023-428e-aacb-04c2bda03b37",
          "size": {
            "height": 300,
            "width": 234
          },
          "zIndex": 1
        },
        {
          "location": {
            "x": 856.4,
            "y": 1100.6
          },
          "nodeIndex": "Calendar",
          "size": {
            "height": 300,
            "width": 234
          },
          "zIndex": 2
        },
        {
          "location": {
            "x": 1719.9,
            "y": 843.3
          },
          "nodeIndex": "Child page",
          "size": {
            "height": 104,
            "width": 234
          },
          "zIndex": 3
        },
        {
          "location": {
            "x": 2121.7,
            "y": 795.3
          },
          "nodeIndex": "Current page",
          "size": {
            "height": 200,
            "width": 234
          },
          "zIndex": 21
        },
        {
          "location": {
            "x": 2523.6,
            "y": 831.3
          },
          "nodeIndex": "EndDateTable",
          "size": {
            "height": 128,
            "width": 234
          },
          "zIndex": 4
        },
        {
          "location": {
            "x": 2925.4,
            "y": 745.3
          },
          "nodeIndex": "EndTime",
          "size": {
            "height": 300,
            "width": 234
          },
          "zIndex": 5
        },
        {
          "location": {
            "x": 3327.3,
            "y": 843.3
          },
          "nodeIndex": "GetWorkspaceId",
          "size": {
            "height": 104,
            "width": 234
          },
          "zIndex": 6
        },
        {
          "location": {
            "x": 3729.1,
            "y": 843.3
          },
          "nodeIndex": "Last Refresh",
          "size": {
            "height": 104,
            "width": 234
          },
          "zIndex": 7
        },
        {
          "location": {
            "x": 803.7,
            "y": 753.2
          },
          "nodeIndex": "Operation",
          "size": {
            "height": 300,
            "width": 234
          },
          "zIndex": 20
        },
        {
          "location": {
            "x": 4131,
            "y": 831.3
          },
          "nodeIndex": "Parent page",
          "size": {
            "height": 128,
            "width": 234
          },
          "zIndex": 8
        },
        {
          "location": {
            "x": 751,
            "y": 467.8
          },
          "nodeIndex": "Query Duration Segment",
          "size": {
            "height": 176,
            "width": 234
          },
          "zIndex": 9
        },
        {
          "location": {
            "x": 4532.8,
            "y": 807.3
          },
          "nodeIndex": "Refresh Duration Segment",
          "size": {
            "height": 176,
            "width": 234
          },
          "zIndex": 10
        },
        {
          "location": {
            "x": 1168.4563343750488,
            "y": 428.89413415174977
          },
          "nodeIndex": "Scenario",
          "nodeLineageTag": "3c725c55-0d60-4e92-b834-c3a24545ef07",
          "size": {
            "height": 152,
            "width": 234
          },
          "zIndex": 11
        },
        {
          "location": {
            "x": 4934.6,
            "y": 795.3
          },
          "nodeIndex": "StartDateTable",
          "size": {
            "height": 200,
            "width": 234
          },
          "zIndex": 12
        },
        {
          "location": {
            "x": 5336.5,
            "y": 745.3
          },
          "nodeIndex": "StartTime",
          "size": {
            "height": 300,
            "width": 234
          },
          "zIndex": 13
        },
        {
          "location": {
            "x": 672.4,
            "y": 0
          },
          "nodeIndex": "Suboperation - Aggregations",
          "size": {
            "height": 300,
            "width": 234
          },
          "zIndex": 19
        },
        {
          "location": {
            "x": 1151.1,
            "y": 700.5
          },
          "nodeIndex": "Suboperation - Query",
          "size": {
            "height": 300,
            "width": 234
          },
          "zIndex": 14
        },
        {
          "location": {
            "x": 401.8,
            "y": 1067.3
          },
          "nodeIndex": "Suboperation - Refresh",
          "size": {
            "height": 300,
            "width": 234
          },
          "zIndex": 15
        },
        {
          "location": {
            "x": 1318,
            "y": 1168.4
          },
          "nodeIndex": "Time",
          "size": {
            "height": 300,
            "width": 234
          },
          "zIndex": 16
        },
        {
          "location": {
            "x": 5738.3,
            "y": 795.3
          },
          "nodeIndex": "Timeline Visual Columns",
          "size": {
            "height": 200,
            "width": 234
          },
          "zIndex": 17
        },
        {
          "location": {
            "x": 6140.2,
            "y": 745.3
          },
          "nodeIndex": "Top N Selector",
          "size": {
            "height": 300,
            "width": 234
          },
          "zIndex": 18
        },
        {
          "location": {
            "x": 456.3,
            "y": 855.9
          },
          "nodeIndex": "User",
          "size": {
            "height": 200,
            "width": 234
          },
          "zIndex": 22
        }
      ],
      "name": "All tables",
      "zoomValue": 80.58515857615744,
      "pinKeyFieldsToTop": false,
      "showExtraHeaderInfo": false,
      "hideKeyFieldsWhenCollapsed": false,
      "tablesLocked": false
    }
  ],
  "selectedDiagram": "All tables",
  "defaultDiagram": "All tables"
}